COMMENT_ID,CONTENT,CLASS
1,+447935454150 lovely girl talk to me xxxÔªø,spam
2,I always end up coming back to this song<br />Ôªø,ham
3,"my sister just received over 6,500 new <a rel=""nofollow"" class=""ot-hashtag"" href=""https://plus.google.com/s/%23active"">#active</a> youtube views Right now. The only thing she used was pimpmyviews. comÔªø",spam
4,CoolÔªø,ham
5,Hello I&#39;am from PalastineÔªø,spam
6,Wow this video almost has a billion views! Didn&#39;t know it was so popular Ôªø,ham
7,Go check out my rapping video called Four Wheels please ‚ù§Ô∏èÔªø,spam
8,Almost 1 billionÔªø,ham
9,Aslamu Lykum... From PakistanÔªø,spam
10,Eminem is idol for very people in Espa√±a and Mexico or LatinoamericaÔªø,ham
11,Help me get 50 subs please Ôªø,spam
12,i love song :)Ôªø,ham
13,"Alright ladies, if you like this song, then check out John Rage.¬† He&#39;s a smoking hot rapper coming into the game.¬† He&#39;s not better than Eminem lyrically, but he&#39;s hotter. Hear some of his songs on my channel.Ôªø",spam
14,The perfect example of abuse from husbands and the thing is I&#39;m a feminist so I definitely agree with this song and well...if I see this someone&#39;s going to die! Just sayin.Ôªø,ham
15,The boyfriend was Charlie from the TV show LOST Ôªø,ham
16,"<a href=""https://www.facebook.com/groups/100877300245414/"">https://www.facebook.com/groups/100877300245414/</a>Ôªø",spam
17,Take a look at this video on YouTube:Ôªø,spam
18,Check out our Channel for nice Beats!!Ôªø,spam
19,Rihanna and Eminem together are unstoppable.Ôªø,ham
20,Check out this playlist on YouTube:Ôªø,spam
21,This song is about Rape and Cheating ¬† ¬†¬†<br /><br /><br /><br /><br /><br /><br /><br /><br /><br />Basically.....Ôªø,ham
22,like pleaseÔªø,spam
23,"I love this song, can&#39;t believe it was 5 years ago, it doesn&#39;t get old thoughÔªø",ham
24,OMG that looks just like a piece of the mirror of harry potter and the deathly hallows.<br />Either that house. (sirius black)Ôªø,ham
25,"I shared my first song &quot;I Want You&quot;, and I hope you&#39;ll like it. Take a listen!‚úåÔ∏èüòä <a href=""https://youtu.be/-YfUY4gKr1c"">https://youtu.be/-YfUY4gKr1c</a>Ôªø",spam
26,Come and check out my music!Im spamming on loads of videos but its just to try and get my music across to new peopleÔªø,spam
27,Check out this playlist on YouTube:Ôªø,spam
28,HUH HYUCK HYUCK IM SPECIAL WHO&#39;S WATCHING THIS IN 2015 IM FROM AUSTRALIA OR SOMETHING GIVE ME ATTENTION PLEASE IM JUST A RAPPER WITH A DREAM IM GONNA SHARE THIS ON GOOGLE PLUS BECAUSE IM SO COOL.Ôªø,spam
29,"You exactly who u want to be,watching your favourite rappers on tvÔªø",ham
30,Rihanna is absolutely gorgeous in this video.Ôªø,ham
31,Check out this video on YouTube:<br /><br />Love this song... It&#39;s all good will never go back that but I&#39;ll always remember the passion but never want to go back to being dysfunctional insanity....... Goal is to live happy not live insane. Ôªø,spam
32,"Don&#39;t love someone soo much, love the way u lie..Ôªø",ham
33,one of the BEST SONGS in music historyÔªø,ham
34,Check out this playlist on YouTube:Ôªø,spam
35,Check out this video on YouTube:Ôªø,spam
36,Check out this video on YouTube:Ôªø,spam
37,No-I hate The Way U LIe!!Ôªø,ham
38,Fuck Eminem. Bieber is the best &lt;3Ôªø,ham
39,Check out this playlist on YouTube:chcfcvzfzfbvzdrÔªø,spam
40,Check out this playlist on YouTube: Ôªø,spam
41,Im gonna share a little ryhme canibus blows eminem away a quadrillion times especially about the categories of intelligent things in his mind. That he learned and rapped about and forgot before eminem spit his first ryme.luv ya linz 4eÔªø,spam
42,Check out this video on YouTube:Ôªø,spam
43,Check out this video on YouTube<br /><br /><br />Ôªø,spam
44,CHECK OUT THE NEW REMIX !!!<br />CLICK CLICK !!Ôªø,spam
45,Check out this playlist on YouTube:Ôªø,spam
46,I personally have never been in a abusive relationship. I probably never will. I don&#39;t hit women. Mom has my dad used to hit my mom before he left. I can relate I&#39;m writing about one at the moment subscribe to hear it. EVERY fan counts.Ôªø,spam
47,Loveüòò‚ù§üíñÔªø,ham
48,"Haha, I can&#39;t believe how many kids listen to Eminem.  You kids know that he does drugs and ends high in jail. I wonder why he never ended OD. Ôªø",ham
49,plese subscribe to meÔªø,spam
50,Check out this video on YouTube:Ôªø,spam
51,"Aye homies check out our remix to 50 Cent Your Life Is On The Line we just started our youtube channel and we are all ways working hard, give us some feed back on our latest song on what you guys think if you like show support.Ôªø",spam
52,this is the 2nd most best song when im gone by m&amp;mÔªø,ham
53,Check out this video on YouTube:Ôªø,spam
54,"WE GO FOR 1,000,000,000 FOR EMINEMÔªø",ham
55,Eminem and Rihanna sing the song very well.Ôªø,ham
56,Subscribe me Secret videos :DÔªø,spam
57,Check out this video on YouTube:Ôªø,spam
58,Check out this video on YouTube:but I&#39;m not RhinnahÔªø,spam
59,Subscribe to me for clean Eminem!,spam
60," Hey youtubers... {**}I really appreciate all of you who took the time, to read this, I am just a 19 year old boy who wants to be a successful musician in the           music world. {**}I dont have any money to advertise my channel, {**}If you could just visit my channel, comment on my video or subscribe, that would be great.... {**}It will only be few seconds of your life..... {**}Thank u to all the people who just gave me a chance l really appreciate it ",spam
61,LOVE THE WAY YOU LIE ..&quot;Ôªø,ham
62,Check out this video on YouTube:Ôªø,spam
63,This guy win dollars sleeping... m m m he loves the planet its full of RETARDS,spam
64,Check out our cover of this song!,spam
65,Check out this video on YouTube:Ôªø,spam
66,gootÔªø,ham
67,2015 but Im still listening to this!Ôªø,ham
68,"How is this the most watched Eminem video, it beats not afraid? Ôªø",ham
69,Check out my channel for funny skits! Thanks!,spam
70,hahahahah ‚ô•‚ô•‚ô•‚ô• :D like vines ?  Subscribe to me for daily vines,spam
71,please read this please! i am a country singer who is trying to become someone. so if you would like my videos please. just type... boys round here by country girl (only on computer) wasting all these tears e.t. please subscribe and like,spam
72,Check out this video on YouTube:Ôªø,spam
73,"GUYS SHARE THIS VIDEO!!!!!  HE must have 1.000.000.000 views  Share on Facebook, groups, pages!!",spam
74,CHECK OUT Eminem - Rap God LYRIC VIDEO,spam
75,Love this songÔªø,ham
76,"Rihana, Love Me. :(Ôªø",ham
77,like this comment then type 1337,spam
78,Is that Charlie from lost?<br />Ôªø,ham
79,who the fuck cheats on megan foxÔªø,ham
80,that is megan foxÔªø,ham
81,I love musicÔªø,ham
82,like this comment then type 1337,spam
83,‚ù§‚ù§‚ù§‚ù§‚ù§‚ù§‚ù§Ôªø,ham
84,"hot,hotÔªø",ham
85,Check out this video on YouTube:Ôªø,spam
86,"Wow justin Bieber is Better  thats why when he buys medication he always shares with his half wited money alfred but sadly enough he is an attention hog with swamp ass and an eating disorder filled with sassy mice, and flaming hot cheetos that he can eat with the power of the samurman.",spam
87,this fucking song like a&#39;n oreo the only white part is the good 1Ôªø,ham
88,"no where near one of eminems actual best songs, real fans know what im talking about: Untitled, cold wind blows, welcome 2 hell, elevator, business, wtp, almost famous, 25 to life, rock bottom, no apologies, same song and dance, without me, way i am, toy soldiers, mosh and insane &lt; songs off the top of my head that&#39;s betterÔªø",ham
89,"Finally someone shares the same opinion as me. I&#39;ve tried really hard to like Gangnam style but I just can&#39;t, I don&#39;t even get the dance either. A song like this should be more popular than Gangnam Style, at least it makes sense.",spam
90,Check Out The New Hot Video By Dante B Called Riled Up,spam
91,Check Out The New Hot Video By Dante B Called Riled Up,spam
92,"Still listening,still same pleasureÔªø",ham
93,‚ñå‚ñå‚ñå‚ñå‚ñå‚ñå‚ñå‚ñå‚ñå‚ñå‚ñå‚ñå‚ñå‚ñå‚ñå‚ñå‚ñå‚ñå‚ñå‚ñå‚ñå‚ñå‚ñå‚ñå‚ñå‚ñå‚ñå‚ñå‚ñå‚ñå‚ñå‚ñå‚ñå‚ñå‚ñå‚ñå‚ñå‚ñå‚ñå‚ñå‚ñå‚ñå‚ñå‚ñå‚ñå‚ñå‚ñå‚ñå‚ñå‚ñå‚ñå‚ñå‚ñå‚ñå‚ñå‚ñå FACEBOOK PASSWORD HACK 2013! facebook-pass-hack2013.blogspot.com ONLY 100% WORKING SOFTWARE FOR HACKING ANY FACEBOOK PASSWORD! It&#39;s FREE for download and breaks any password in 10-15 minutes! 100% virus free! For details and FREE DOWNLOAD please visit facebook-pass-hack2013.blogspot.com ‚ñå‚ñå‚ñå‚ñå‚ñå‚ñå‚ñå‚ñå‚ñå‚ñå‚ñå‚ñå‚ñå‚ñå‚ñå‚ñå‚ñå‚ñå‚ñå‚ñå‚ñå‚ñå‚ñå‚ñå‚ñå‚ñå‚ñå‚ñå‚ñå‚ñå‚ñå‚ñå‚ñå‚ñå‚ñå‚ñå‚ñå‚ñå‚ñå‚ñå‚ñå‚ñå‚ñå‚ñå‚ñå‚ñå‚ñå‚ñå‚ñå‚ñå‚ñå‚ñå‚ñå‚ñå‚ñå‚ñå,spam
94,I love you!‚ù§‚ú®Ôªø,ham
95,2010? The time past so fast ..Ôªø,ham
96,"Hey everyone, I&#39;m Dakoda Bigelow.  I&#39;m a 17 year old singer, rapper and producer.  I&#39;ve gained over 490,000 views so far but I really need more views, likes and subscribers in order to make it.  Check out my brand new music video for my song So Gone!  Also check out my new song called Deaf.  A few moments of your time would be greatly appreciated and you won&#39;t regret it :)  Please thumbs this up so more people can see it!  Thanks for the support.",spam
97,#2015 FUCK YEAHÔªø,ham
98,eminem is a ginius stop!Ôªø,ham
99,The rap: cool     Rihanna: STTUUPIDÔªø,ham
100,Just gonna stand there and hear me cry ..Ôªø,ham
101,LoveÔªø,ham
102,Feels and emotions in this song...God damnÔªø,ham
103,all u should go check out j rants vi about eminem,spam
104,MEGAN FOX AND EMINEM TOGETHER IN A VIDEO ¬†DOESNT GET BETTER THAN THATÔªø,ham
105,"Check out this video on YouTube: <a rel=""nofollow"" class=""ot-hashtag"" href=""https://plus.google.com/s/%23Eminem"">#Eminem</a> <a rel=""nofollow"" class=""ot-hashtag"" href=""https://plus.google.com/s/%23Lovethewayyoulie"">#Lovethewayyoulie</a> <a rel=""nofollow"" class=""ot-hashtag"" href=""https://plus.google.com/s/%23RapGod"">#RapGod</a> <a rel=""nofollow"" class=""ot-hashtag"" href=""https://plus.google.com/s/%23King"">#King</a> Ôªø",spam
106,"yo I know nobody will probably even read this..  But I‚Äôm gonna type it any way because i hope at least one person will  i&#39;m a rapper with a dream. I know there&#39;s like 200k of those in this world  but please check out my music and subscribe? if you want.? thanks,  I would love nothing more than to have a decent following on youtube..  if anyone? reading this could press the &quot;THUMBS UP&quot; other people will see it  just a simple button press? could make my dream come true =) Thank You",spam
107,best songÔªø,ham
108, subscribe to my feed,spam
109,"EVERYONE GO AND SHARE youtu  be/ARkglzjQuP0 ON FB,TWITTER,G+ TO VOTE FOR EMINEM TO BECOME ARTIST OF THE YEAR ON FIRST EVER YOUTUBE MUSIC AWARDS !!!  AND GET THIS METHOD TO CHEAT AT INTERNET ROULETTE OUT OF EMINEMS VIDEO ! SHADY ARTIST OF THE YEAR !",spam
110,Check out Em&#39;s dope new song monster here: /watch?v=w6gkM-XNY2M  MMLP2 FTW :),spam
111,  Check out my SEXY VIDEO :*,spam
112,  Check out my SEXY VIDEO :*,spam
113,Is that Charlie from lost?Ôªø,ham
114,Anyone else notice that Megan Fox is in this video?Ôªø,ham
115,Do you need more instagram followers or photo likes? Check out IGBlast.com and get em in minutes!,spam
116,Check Out The New Hot Video By Dante B Called Riled Up,spam
117,Check Out The New Hot Video By Dante B Called Riled Up,spam
118,"yo I know nobody will probably even read this..  but, Imma type it any way because i hope at least one person will  i&#39;m a rapper with a dream. I know there&#39;s like 200k of those in this world  but please check out my music and subscribe? if you want.? thanks,  I would love nothing more than to have a decent following on youtube..  if anyone? reading this could press the &quot;THUMBS UP&quot; other people will see it  just a simple button press? could make my dream come true =) Thank You",spam
119,"youtube.com/watch?v=2ASFn9ShgHk&amp;feature=youtu.be  please check out my song. looking for feedback, and supporters.",spam
120,WATCH MY VIDEOS AND SUBSCRIBE,spam
121,:D subscribe to me for daily vines,spam
122,LOVE IT!!!!!!!Ôªø,ham
123,Hay dakota u earned a subscribee,spam
124,"Listen...Check out Andrew Guasch - Crazy, Sick Flow...I&#39;m dope....that&#39;s all there is too it. If you like it Subscribe, if not, Ill be with Aftermath of TDE Soon enough.  One Love,  Peace.",spam
125,Check Out The New Hot Video By Dante B Called Riled Up,spam
126,I hate rap and I like this songÔªø,ham
127,Love the way you lie - DriveshaftÔªø,ham
128,2010:(Ôªø,ham
129,"1,000,000 VIEWS NEARÔªø",ham
130,"You guys should check out this EXTRAORDINARY website called FIREPA.COM .   You can make money online and start working from home today as I am!   I am making over $3,000+ per month at FIREPA.COM !   Visit FIREPA.COM and check it out!   Lake   . Chillpal . Sturdy . Astauand . Johackle . Chorenn . Ethosien . Changeable . Public . Noxu . Ploosnar . Looplab . Hoppler . Delicious . False . Scitenoa . Locobot . Heartbreaking . Thirsty . Reminiscent",spam
131,this song is NICEÔªø,ham
132,"You guys should check out this EXTRAORDINARY website called FIREPA.COM .   You can make money online and start working from home today as I am!   I am making over $3,000+ per month at FIREPA.COM !   Visit FIREPA.COM and check it out!   Lake   . Busyglide . Sasaroo . Sore . Chillpal . Axiomatic . Naperone . Mere . Undesirable . Agreeable . Encouraging . Imperfect . Roasted . Insidious . Modgone . Quickest . Trelod . Keen . Fresh . Economic . Bocilile",spam
133,Sick Music for sick femalesÔªø,ham
134,"You guys should check out this EXTRAORDINARY website called MONEYGQ.COM .   You can make money online and start working from home today as I am!   I am making over $3,000+ per month at MONEYGQ.COM !   Visit MONEYGQ.COM and check it out!   Lake   . Victorious . Luxuriant . Alcoholic . Responsible . Unbiased . Yoffa . Ociramma . Ociramma . Handsome . Arrowgance . Mizuxe . Boaconic . Sophisticated . Ill-fated . Spourmo . Chubby . Hioffpo . Probable . Singlewave",spam
135,LOVE TROP FORT VOTRE  clipÔªø,ham
136,"You guys should check out this EXTRAORDINARY website called MONEYGQ.COM .   You can make money online and start working from home today as I am!   I am making over $3,000+ per month at MONEYGQ.COM !   Visit MONEYGQ.COM and check it out!   Lake   . Waratel . Misty . Exciting . Swoquix . Acaer . Chillpal . Tupacase . Arrowgance . Lively . Hard . Idiotic . Bored . Cool . Ablaze . Crabby . Aloidia . Cheilith . Feandra . Useless . Ploosnar",spam
137,"You guys should check out this EXTRAORDINARY website called MONEYGQ.COM .   You can make money online and start working from home today as I am!   I am making over $3,000+ per month at MONEYGQ.COM !   Visit MONEYGQ.COM and check it out!   Lake   . Ignorant . Wavefire . Reiltas . Astauand . Skizzle . Jovaphile . Swooflia . Grynn . Excellent . Slimy . Gabby . Nalpure . Lucky . Glozzom . Depressed . Better . Deep . Sinpad . Stereotyped . Toximble",spam
138,Eminem et Rihana trop belle chansonÔªø,ham
139,this song is better then monster by eminemÔªø,ham
140,He is good boy!!!<br />I am krean I like to eminem~!~Ôªø,ham
141,it is wonderfulÔªø,ham
142,"You guys should check out this EXTRAORDINARY website called MONEYGQ.COM .   You can make money online and start working from home today as I am!   I am making over $3,000+ per month at MONEYGQ.COM !   Visit MONEYGQ.COM and check it out!   Lake   . Magnificent . Noodile . Unequaled . Moderock . Gogopo . Lulerain . Olielle . Zesty . Laughable . Accidental . Pepelexa . Delightful . Wiry . Toogit . Uncovered . Chesture . Woozy . Adhoc . Weak . Shallow",spam
143,Share Eminem&#39;s Artist of the Year video so he can win. We could see a performance and acceptance speech. Like this comment so everyone can see.  2014 =  Year of Eminem,spam
144,watch?v=ARkglzjQuP0 Like this comment and share this video so Em can win!!! #YTMA,spam
145,Check out this video on YouTube:<br /><br />Eminem is amazing. Ôªø,spam
146,awesome song everÔªø,ham
147,loveÔªø,ham
148,No long paragraph just check out my song called &quot;Fire&quot;.,spam
149,Check out this video on YouTube:Ôªø,spam
150,"Check out this video on YouTube: <a href=""http://www.youtube.com/user/jlimvuth"">http://www.youtube.com/user/jlimvuth</a> ... Eminem ft Rihanna - Love the way you lieÔªø",spam
151,"do you guys know, there&#39;s a part two of this song! :DÔªø",ham
152,"You guys should check out this EXTRAORDINARY website called MONEYGQ.COM . You can make money online and start working from home today as I am! I am making over $3,000+ per month at MONEYGQ.COM ! Visit MONEYGQ.COM and check it out! Memory Ferirama Besloor Shame Eggmode Wazzasoft Sasaroo Reiltas Moderock Plifal Shorogyt Value Scale Qerrassa Qiameth Mogotrevo Hoppler Parede Yboiveth Drirathiel",spam
153,"Hey, it&#39;s Charlie from LostÔªø",ham
154,"You guys should check out this EXTRAORDINARY website called MONEYGQ.COM . You can make money online and start working from home today as I am! I am making over $3,000+ per month at MONEYGQ.COM ! Visit MONEYGQ.COM and check it out! Wazzasoft Industry Sertave Wind Tendency Order Humor Unelind Operation Feandra Chorenn Oleald Claster Nation Industry Roll Fuffapster Competition Ociramma Quality",spam
155,Check out this video on YouTube:Ôªø,spam
156,"I guss this song is one of my worst fears in life, to be with someone who abusive towered me and live with him.... Ôªø",ham
157,watch youtube video &quot;EMINEM -YTMA artist of the year&quot; plz share to vote!!!,spam
158,"Made five years ago and people still don&#39;t understand the message this song is conveying. For those of you who don&#39;t, understand that domestic violence is no game, women like the fictional one in this video do exist. Living their lives with a man who abuses her, but still chooses to stay for not the love, but for the sexual feeling he gives her. This is quite sad, actually. Ôªø",ham
159,5 years and i still dont get the music video help someone?Ôªø,ham
160,Please check out my New Song (Music Video) AD - Don&#39;t Play,spam
161,Tell us the title so i can like and subscribe your music fgw please,spam
162,This video is kinda close to 1 million  views <br />Ôªø,ham
163,Fuck you EminemÔªø,ham
164,"You guys should check out this EXTRAORDINARY website called MONEYGQ.COM .   You can make money online and start working from home today as I am!   I am making over $3,000+ per month at MONEYGQ.COM !   Visit MONEYGQ.COM and check it out!  The metal drews the reflective effect. Why does the expansion intervene the hilarious bit? The sneeze witnesss the smoke.",spam
165,"You guys should check out this EXTRAORDINARY website called MONEYGQ.COM .   You can make money online and start working from home today as I am!   I am making over $3,000+ per month at MONEYGQ.COM !   Visit MONEYGQ.COM and check it out!  Why does the innocent woman prioritize the desire? The flight searchs the sad polish. When does the tax zip the omniscient record?",spam
166,2008-2010 were the years for popÔªø,ham
167,sorry but eminmem is a worthless wife beating bastardÔªø,ham
168,  Eminem is the king of rap  Micheal Jackson is the king of pop  If you also wanna go hard and wanna be the person of first class fame just check out Authenticviews*com and be famous just within days !! yO ~,spam
169,so spousal abusue cool that&#39;s greatÔªø,ham
170,she is megan fox?because she is very similarÔªø,ham
171,"Holy crap. 800,000,000 views?!Ôªø",ham
172,eminem - RIHANNAÔªø,ham
173,LOVE THIS SONG!!!Ôªø,ham
174,What nicei‚õ∫‚ô•‚ô•‚ô•‚ô•Ôªø,ham
175,I like this song very muchÔªø,ham
176,"You guys should check out this EXTRAORDINARY website called MONEYGQ.COM .   You can make money online and start working from home today as I am!   I am making over $3,000+ per month at MONEYGQ.COM !   Visit MONEYGQ.COM and check it out!  When does the flimsy slip facilitate the manager? How does the noise set goals the anxious regret? How does the actually loss retrieve the smile?",spam
177,I love it and my mom toÔªø,ham
178,Who is watching in 2015 likeÔªø,ham
179,Please check out my New Song (MUSIC VIDEO) AD - Dont Play,spam
180,amazing songÔªø,ham
181,"You guys should check out this EXTRAORDINARY website called MONEYGQ.COM .   You can make money online and start working from home today as I am!   I am making over $3,000+ per month at MONEYGQ.COM !   Visit MONEYGQ.COM and check it out!  Why does the wood photograph the husky breath? When does the act retain the delightful system? The rhythm fabricates the scintillating harbor.",spam
182,"You guys should check out this EXTRAORDINARY website called MONEYGQ.COM .   You can make money online and start working from home today as I am!   I am making over $3,000+ per month at MONEYGQ.COM !   Visit MONEYGQ.COM and check it out!  The cook officiates the tax. The walk judges the amount. Why does the ink train the valuable increase?",spam
183,check out my Eminem &amp; Kid Cudi M a s h up /watch?v=XYTcq5NzMuA,spam
184,I like itÔªø,ham
185,"YO GUYS SORRY IF THIS ANNOYS YOU!!! BUT CHECK OUT MY CHANNEL, AND LATEST VIDEO. A LIKE AND SUBSCRIBE WOULD BE NICE TOO!!!!!!!",spam
186,"This past Christmas my dad passed away, to help me cope I picked up a pen and some paper and started to write. Little did I know nearly 9 months ago that it would bring me where i&#39;m at today. Over 7k subscribers and 500k video views. I just wrote and released a song yesterday about a friend of mine who has tried to commit suicide several times, I can&#39;t promise you professionally produced music, but I can promise REAL lyrics. Just click on my picture. Thanks, and thumbs up so others may see?",spam
187,"‚Ä¢‚Ä¢‚Ä¢‚Ä¢‚ñ∫‚ñ∫My name is George and let me tell u EMINEM is my idol my inspiration, I&#39;ve listen to him growing up, I never thou I would love rap this much But I thank him for helping me find my dream. So I rap now and make YouTube videos and yesterday I covered the song Mockingbird it&#39;s in my channel I worked really hard on it and it&#39;s one of my favorite songs of Him. So please go check it out and subscribe it would mean the world to me n sorry for the spam ‚óÑ‚óÑ‚Ä¢‚Ä¢¬≠‚Ä¢‚Ä¢ don&#39;t hate I&#39;m not Eminem",spam
188,"love the way you lie featuring rhianna, hes an awesome rapper!!! shes an awesome singer!!!Ôªø",ham
189,Eminem is my insperasen and favÔªø,ham
190,e.e....everyone could check out my channel.. dundundunnn,spam
191,"Every collaboration between them, we know it will be number 1 Ôªø",ham
192,"You guys should check out this EXTRAORDINARY website called ZONEPA.COM .   You can make money online and start working from home today as I am!   I am making over $3,000+ per month at ZONEPA.COM !   Visit Zonepa.com and check it out!  Why does the answer rehabilitate the blushing limit? The push depreciateds the steel. How does the beautiful selection edit the range?",spam
193,"You guys should check out this EXTRAORDINARY website called ZONEPA.COM .   You can make money online and start working from home today as I am!   I am making over $3,000+ per month at ZONEPA.COM !   Visit Zonepa.com and check it out!  Why does the view disclose the macho lift? Why does the letter frame the thundering cause? Why does the talk prevent the conscious memory?",spam
194,good musicÔªø,ham
195,"You guys should check out this EXTRAORDINARY website called ZONEPA.COM .   You can make money online and start working from home today as I am!   I am making over $3,000+ per month at ZONEPA.COM !   Visit Zonepa.com and check it out!  The jelly activates the reflective distribution. The normal top synthesizes the opinion. The victorious plant entertains the language.",spam
196,if you need youtube subscriber mail hermann buchmair on fb,spam
197,is it bad that my realtionship is just like this lolÔªø,ham
198,This video deserves <b>1B</b> views!!!Ôªø,ham
199,2015 and more....Ôªø,ham
200,best song ever (y)Ôªø,ham
201,I could hear this for years ;3Ôªø,ham
202,Who is still watching in 2015Ôªø,ham
203,I wish that guy wasn&#39;t so protective geezeÔªø,ham
204,super rihannaÔªø,ham
205,‚ñ¨‚ñ¨‚ñ¨‚ñ¨‚ñ¨‚ñ¨‚ñ¨‚ñ¨‚ñ¨‚ñ¨‡Æú€©€û€©‡Æú‚ñ¨‚ñ¨‚ñ¨‚ñ¨‚ñ¨‚ñ¨‚ñ¨‚ñ¨ CHECK OUT MY CHANNEL ‚ñ¨‚ñ¨‚ñ¨‚ñ¨‚ñ¨‚ñ¨‚ñ¨‚ñ¨‚ñ¨‚ñ¨‡Æú€©€û€©‡Æú‚ñ¨‚ñ¨‚ñ¨‚ñ¨‚ñ¨‚ñ¨‚ñ¨‚ñ¨,spam
206,"I know that maybe no one will read this but PLEASE TYPE IN &quot;deazy99&quot; I&#39;m a rapper with a dream. I know you must see like millions of those on here everyday but please check out my music and subscribe if you&#39;d like thank you, i would love nothing more than to have a decent following on youtube from people if anyone reading this could give it a &quot;THUMBS UP&quot; because what some might see as just a simple button press could make my dream come true..thank you again for your time &amp; may god bless you",spam
207,Rihanna is so beautiful and amazing ‚ô•‚ô•‚ô•‚ô•‚ô•love her so much‚ô•‚ô•‚ô•‚ô• forever RiRi fan ‚ô• ‚ô• ‚ô• ‚ô• ‚ô• ‚ô• Ôªø,ham
208,fav.Ôªø,ham
209,"HEY GUYS!!! ‚ù§‚ù§‚ù§‚ù§‚ù§‚ù§‚ù§  BEFORE YOU IGNORE ME, PLEASE, GIVE ME A CHANCE!  My name is Yuliya, I make COVERS. I started getting serious with Youtube September of 2013 because that‚Äôs Great challenge to myself. MY DREAM was to become a singer. Youtube helps me keep up! If you can please give me a chance and THUMBS THIS COMMENT UP so more people can see it. I swear I&#39;ll appreciate it. SUBSCRIBE PLEASE!!!  ‚ù§‚ù§‚ù§ LOVE YOU!!! ‚ù§‚ù§‚ù§‚ù§‚ù§‚ù§‚ù§‚ù§‚ù§‚ù§‚ù§‚ù§‚ù§‚ù§‚ù§‚ù§‚ù§‚ù§‚ù§‚ù§‚ù§‚ù§‚ù§‚ù§‚ù§‚ù§‚ù§‚ù§‚ù§‚ù§‚ù§‚ù§‚ù§‚ù§‚ù§‚ù§‚ù§‚ù§‚ù§ XOXO ‚ù§‚ù§‚ù§‚ù§‚ù§‚ù§‚ù§‚ù§‚ù§‚ù§‚ù§‚ù§‚ù§‚ù§‚ù§‚ù§‚ù§‚ù§‚ù§‚ù§‚ù§‚ù§‚ù§‚ù§‚ù§‚ù§‚ù§‚ù§‚ù§‚ù§‚ù§‚ù§‚ù§‚ù§‚ù§‚ù§‚ù§‚ù§ ",spam
210,Check out this video on YouTube:Ôªø,spam
211,Every single one of his songs brings me back to place I can never go back to and it hurts so bad insideÔªø,ham
212,I love your songs eminem your the rap godÔªø,ham
213,SnEakiESTG Good Music. Hood Muzik Subscribe 2 My Channel. Thanks For The Support. SnEakiESTG   SnEakiESTG Good Music. Hood Muzik Subscribe 2 My Channel. Thanks For The Support. SnEakiESTG,spam
214,I cried this song bringing back some hard memoriesÔªø,ham
215,subcribe to us an we will subscribe back,spam
216,song is badÔªø,ham
217,CHECK OUT MY COVER OF LOVE THE WAY YOU LIE PLEASE!!,spam
218,check out fantasy music    right here -------&gt; the1fantasy  good music man.,spam
219,"You guys should check out this EXTRAORDINARY website called ZONEPA.COM . You can make money online and start working from home today as I am! I am making over $3,000+ per month at ZONEPA.COM ! Visit Zonepa.com and check it out! How does the war illustrate the exclusive space? The mountain refers the helpless death. The tax reviews the special music.",spam
220,"You guys should check out this EXTRAORDINARY website called ZONEPA.COM . You can make money online and start working from home today as I am! I am making over $3,000+ per month at ZONEPA.COM ! Visit Zonepa.com and check it out! The loud authority improves the canvas. When does the mother repair the uppity learning? The substantial cook derives the harbor.",spam
221,"You guys should check out this EXTRAORDINARY website called ZONEPA.COM . You can make money online and start working from home today as I am! I am making over $3,000+ per month at ZONEPA.COM ! Visit Zonepa.com and check it out! How does the burst render the symptomatic bite? The knowledge briefs the narrow thought. How does the eager sky transmit the crush?",spam
222,"You guys should check out this EXTRAORDINARY website called ZONEPA.COM . You can make money online and start working from home today as I am! I am making over $3,000+ per month at ZONEPA.COM ! Visit Zonepa.com and check it out! How does the mammoth waste achieve the shock? How does the limit reduce the delicate minute? How does the meaty scale adapt the oil?",spam
223,Charlie from LOST?Ôªø,ham
224,"What the hell this song is already five years old?? I remember when it first came out, this was my jamÔªø",ham
225,Check out my channel im 15 year old rapper!,spam
226,is that Megan foxÔªø,ham
227,wtf. subscribe my channel thanx ;),spam
228,Hey check out my channel!!!! Please,spam
229,So he&#39;s admitting he killed his girlfriend???Ôªø,ham
230,check out you tube keithlinscotts one word keithlinscotts you tube .com,spam
231,Check out my mummy chanel!,spam
232,i want to smack this year boy in to foreverÔªø,ham
233,"Charlie, heroin will do that to you.Ôªø",ham
234,Fruits and vegetables give you longer lasting energy for weight loss.  Check out youtube.com/user/36loseweight.,spam
235,Love SongÔªø,ham
236,Megan Fox is gorg in this!! Eminem is truly the rap god :)Ôªø,ham
237,RIHANNA - POUR IT UP (VINCENT T. REMIX) RIHANNA - POUR IT UP (VINCENT T. REMIX) RIHANNA - POUR IT UP (VINCENT T. REMIX) RIHANNA - POUR IT UP (VINCENT T. REMIX) RIHANNA - POUR IT UP (VINCENT T. REMIX) RIHANNA - POUR IT UP (VINCENT T. REMIX) RIHANNA - POUR IT UP (VINCENT T. REMIX) RIHANNA - POUR IT UP (VINCENT T. REMIX) RIHANNA - POUR IT UP (VINCENT T. REMIX)  CLICK! SUBSCRIBE!,spam
238,Check out this video on YouTube:Ôªø,spam
239,He gets more views but has less subscribers lol,spam
240,Go check out eminem survival.,spam
241,Hey! I&#39;m a 16 Year old rapper from Texas I don&#39;t rap &quot;PMW&quot; but I promise my music will NOT disappoint.. Search therealchrisking1 to find me and listen to my track &quot;Memory Lane&quot; I just released my 3RD mix-tape &quot;Crown Me&quot; and so far I&#39;ve had nothing but good reviews about it. I&#39;m not asking you to like or subscribe but just 1 view will help me catch my dream. and if you could leave a comment letting me know what you think it would be MUCH appreciated also. Thank you.,spam
242,if eminem gets 1 penny per view he would have 600 million dollars,spam
243,Check Out LEANDRUS - PLAYTIME It&#39;s awesoooome !!,spam
244,Check out this video on YouTube:Ôªø,spam
245,"I know that maybe no one will read this but PLEASE TYPE IN &quot;deazy99&quot; I&#39;m a rapper with a dream. I know you must see like millions of those on here everyday but please check out my music and subscribe if you&#39;d like thank you, i would love nothing more than to have a decent following on youtube from people if anyone reading this could give it a &quot;THUMBS UP&quot; because what some might see as just a simple button press could make my dream come true..thank you again for your time &amp; may god bless you",spam
246,Dress like Rihanna at kpopcity.net - The largest discount fashion store in the world! Check out our &quot;Hollywood Collection&quot; to dress like all your favourite stars!   Dress like Rihanna at kpopcity.net - The largest discount fashion store in the world! Check out our &quot;Hollywood Collection&quot; to dress like all your favourite stars!,spam
247,CHECK OUT THIS DOPE CHANNEL!    phenomenallyricshere CHECK OUT THIS DOPE CHANNEL!    phenomenallyricshere CHECK OUT THIS DOPE CHANNEL!    phenomenallyricshere CHECK OUT THIS DOPE CHANNEL!    phenomenallyricshere CHECK OUT THIS DOPE CHANNEL!    phenomenallyricshere CHECK OUT THIS DOPE CHANNEL!    phenomenallyricshere CHECK OUT THIS DOPE CHANNEL!    phenomenallyricshere CHECK OUT THIS DOPE CHANNEL!    phenomenallyricshere CHECK OUT THIS DOPE CHANNEL!    phenomenallyricshere,spam
248,amazing songÔªø,ham
249,:)Ôªø,ham
250,Charlie from LOSTÔªø,ham
251,SubScribe me pls EMƒ∞NEM FANS,spam
252,dude check out psy,spam
253,"I love this-the talents of eminem and Skylar,works well togetherÔªø",ham
254,Share this video.. This song can beat PSY - Gangnam Style!,spam
255,thumb up if you watching in 2015 and ¬†you like itÔªø,ham
256,Check out my remix to Tyga&#39;s - Molly ft. Whiz Khalifa Peace and love,spam
257,Check out my channel please.,spam
258,"i been working so hard for the past 60 days to improve i been writing/recording/mixing/performing 16 bars everyday im doing it for a whole year(365 days) today i&#39;m on day 60 today i work so hard now i&#39;m doing 2 verses everyday to improve i&#39;m going all the way to 365 PLEASE SUBSCRIBE to my channel  help me build a fan base ,watch me improve,help me get closer to my dream i&#39;m lyrical and i keep it real i won&#39;t leave you down i promise(: PLEASE SUBSCRIBE please like this  commment so people can see",spam
259, I can&#39;t believe this I just now watched a brand new adult video clip with rihanna She has been screwing a black Basketball player  Check out her video right here if you wish:   crazy-celeb-news.eu.pn,spam
260,‚îè‚îÅ‚îÅ‚îÅ‚îì‚îè‚îì‚ïã‚îè‚îì‚îè‚îÅ‚îÅ‚îÅ‚îì‚îè‚îÅ‚îÅ‚îÅ‚îì‚îè‚îì‚ïã‚ïã‚îè‚îì  ‚îÉ‚îè‚îÅ‚îì‚îÉ‚îÉ‚îÉ‚ïã‚îÉ‚îÉ‚îÉ‚îè‚îÅ‚îì‚îÉ‚îó‚îì‚îè‚îì‚îÉ‚îÉ‚îó‚îì‚îè‚îõ‚îÉ  ‚îÉ‚îó‚îÅ‚îÅ‚îì‚îÉ‚îó‚îÅ‚îõ‚îÉ‚îÉ‚îÉ‚ïã‚îÉ‚îÉ‚ïã‚îÉ‚îÉ‚îÉ‚îÉ‚îó‚îì‚îó‚îõ‚îè  ‚îó‚îÅ‚îÅ‚îì‚îÉ‚îÉ‚îè‚îÅ‚îì‚îÉ‚îÉ‚îó‚îÅ‚îõ‚îÉ‚ïã‚îÉ‚îÉ‚îÉ‚îÉ‚ïã‚îó‚îì‚îè‚îõ  ‚îÉ‚îó‚îÅ‚îõ‚îÉ‚îÉ‚îÉ‚ïã‚îÉ‚îÉ‚îÉ‚îè‚îÅ‚îì‚îÉ‚îè‚îõ‚îó‚îõ‚îÉ‚ïã‚ïã‚îÉ‚îÉ  ‚îó‚îÅ‚îÅ‚îÅ‚îõ‚îó‚îõ‚ïã‚îó‚îõ‚îó‚îõ‚ïã‚îó‚îõ‚îó‚îÅ‚îÅ‚îÅ‚îõ‚ïã‚ïã‚îó‚îõ CHECK MY VIDEOS AND SUBSCRIBE AND LIKE PLZZ,spam
261,Never gets old best song ever  ‚ù§Ôªø,ham
262,First they were fighting... Then they were making out...Ôªø,ham
263,"I know that maybe no one will read this but PLEASE TYPE IN &quot;deazy99&quot; I&#39;m a rapper with a dream. I know you must see like millions of those on here everyday but please check out my music and subscribe if you&#39;d like thank you, i would love nothing more than to have a decent following on youtube from people if anyone reading this could give it a &quot;THUMBS UP&quot; because what some might see as just a simple button press could make my dream come true..thank you again for your time &amp; may god bless you",spam
264,Hey guys please just spent one minute for me:) im a singer from srilanka and im 18 year&#39;s old! SooO I LIKE TO BE GREAT SINGER will be a one day so i hope it would be happen in really my life. Just view my videos and rate it and let me know how is my voice please help us guys closer to living my dream:)! I really know you&#39;d helped me who read this comment he/she can just understand my feeling ! Thanks guys lv u really much more! SUBSCRIBE IT MY CHANNEL AND ONECE AGAIN THANK U !,spam
265,YO GUYS IM 14 YEAR OLD RAPPER JUST STARTED RAPPING  SO PLEASE CHECK OUT MY SITE AND LEAVE FEEDBACK AND SUBSCRIBE  ALSO LIKE THIS COMMENT SO MORE CAN SEE AND MAKE MY CHANNEL BIG ASWELL,spam
266,Check out this video on YouTube:Ôªø,spam
267,*for 90&#39;s rap fans*  check out my Big Pun - &#39;Beware&#39; cover!  Likes n comments very much appreciated!,spam
268,I love this song up to the moon &gt;3 you are Rocks!Ôªø,ham
269,Hello. ƒ∞ am from Azerbaijan<br />Ôªø,ham
270,"This great Warning will happen soon. ,0
LneaDw26bFst76VHKJL8PxaEy6VMNlvmriUDTSFK6vY,Ali Pa≈°a,2013-09-26T22:28:17.047000,Croatia &lt;3,0
LneaDw26bFvkAHxpKEnM25FYWkyXthsUpri6JuQsZnU,G Belrus,2013-09-26T22:26:12.832000,Nice one,0
LneaDw26bFtvZQt6JUEhasIEFRJG1exI_dVqdnQVPho,exode. comeback.,2013-09-26T22:23:00.710000,600m views.,0
LneaDw26bFunOarAg71AwGU6TJO6aZDKFIUn_TZ1_HY,Muhammad Shaeel Abbas,2013-09-26T22:15:45.476000,Fuck off!,0
LneaDw26bFt-oToUFj0z3vffLFNaxyKwZSIVQhiMx-E,Notorious Niko,2013-09-26T22:00:43.613000,""Hey guys im a 17yr old rapper trying to get exposure... I live in belgium where NO ONE speaks english so i have to resort to this gay SPAM...  Check out my 2 latest tracks as they are probably my best.. Audio isnt the best but im gonna invest in some real equipment for my next track..  Please Thumbs this up so others can see.. or hey dont just check me out yourself and leave a response and a like :D  Thanks in advance, you guys will be part of making my dream come TRUE   -Notorious Niko ",spam
271,"Hey guys im a 17yr old rapper trying to get exposure... I live in belgium where NO ONE speaks english so i have to resort to this gay SPAM...  Check out my 2 latest tracks as they are probably my best.. Audio isnt the best but im gonna invest in some real equipment for my next track..  Please Thumbs this up so others can see.. or hey dont just check me out yourself and leave a response and a like :D  Thanks in advance, you guys will be part of making my dream come TRUE   -Notorious Niko ",spam
272,EMINEM&lt;3¬†<br />the best rapper ever&lt;3Ôªø,ham
273,i hate rapÔªø,ham
274,Check out my channel to see Rihanna short mix by me :),spam
275,Every weekend a new lyric video of Eminem here VIEW LIKE SUBSCRIBE,spam
276,This song/video is such a trigger but it&#39;s just so good...Ôªø,ham
277,Check Out The New Hot Video By Dante B Called Riled Up,spam
278,Was that Meghan fox??Ôªø,ham
279,ayyy can u guys please check out my rap video im 16 n im juss tryna get some love please chrck it out an thank u,spam
280,COME SUBSCRIBE TO MY CHANNEL! ;-)  PLEASE!!,spam
281,"Awesome song!,congratulations!!!Ôªø",ham
282,"Come check out our music channel! go check out the song &quot;Love Me&quot; by J.E.M.INI! If you do you are a very amazing person, thank you to all who check it out, if you don&#39;t check it out you&#39;re still an amazing person just for reading this post",spam
283,share and like this page to win a hand signed Rihanna photo!!! fb -  Fans of Rihanna,spam
284,share and like this page to win a hand signed Rihanna photo!!! fb -  Fans of Rihanna,spam
285,check out my page ADAM B BEATS 2013,spam
286,Look and shares my video please :D,spam
287,Check out this video on YouTube:Ôªø,spam
288,Like &amp; Subscribe /watch?v=5tu9gN1l310,spam
289,charlieee :DDDD (Those who saw Lost only will understand)Ôªø,ham
290,LADIES!!! -----&gt;&gt; If you have a broken heart or you just want to understand guys better you should check out this underground book called The Power of the Pussy on AMAZON. Best book ever for us girls! Oh...and just a warning it&#39;s for 18 and over...lol,spam
291,COFFEE ! LOVERS ! PLEASE ! READ ! Check out a song I wrote and sing on You Tube called COFFEE LOVA.Type COFFEE LOVA like I spell it while your already on You Tube hit enter.Then look for video titled COFFEE LOVA hit enter and BLAST ! OFF !,spam
292,"hey guy if you can please SUBSCRIBE to my channel im a young dedicated rapper i post videos everyday to improve  i write/perform/record/mix/edit/post everyday  i do a verse everyday (16 bars)to improve i&#39;m doing it for 365 days a whole year to improve right now i&#39;m on day 46  if you guys can please like this comment so everyone can see it and follow me on my journey/watch me improve everyday SUBSCRIBE PLEASE I&#39;m lyrical and i keep it real  help me reach my dream,help me build a fan base,THANKS(:",spam
293,so many comments.Ôªø,ham
294,"Getting too 1billion views, holy moly.!!!Ôªø",ham
295,Best songÔªø,ham
296,SUBSCRIBE TO ME! I MAKE MUSIC!,spam
297,#1 song in world even in 2015Ôªø,ham
298,Hi loving itÔªø,ham
299,subscribe me if u love eminem,spam
300,Lol thats the guy from animal planet and lost. And the girl is megan fox i think hahah Ôªø,ham
301,This song is true because it is insane because boys will do this to a girl and it is not true that people say that a guy will never do it to a girl but boys YOU LIERS NOW STOP TREATING US GIRLS THIS WAY YOU ALL SUCK!Ôªø,ham
302,Love the video Ôªø,ham
303,Hello I&#39;m from BulgariaÔªø,ham
304,if u love rihanna subscribe me,spam
305,Eminem rap can be easy for a boy but I can do thatÔªø,ham
306,if u love rihanna subscribe me,spam
307,CHECK OUT MY MUSIC VIDEO ON MY CHANEL!!!,spam
308,check out our bands page on youtube killtheclockhd - check out some of our original songs including &quot;your disguise&quot;,spam
309,could you guys please check out my channel for hiphop beats?,spam
310,I love this song sooooooooooooooo muchÔªø,ham
311,everyone come and check out the new GTA 5 Gameplay right Here : /watch?v=6_H0m5sAYho,spam
312,Check out this video on YouTube:Ôªø,spam
313,Hey guys I&#39;m 87 cypher im 11 years old and Rap is my life I recently made my second album desire ep . please take a moment to check out my album on YouTube thank you very much for reading every like comment and subscription counts,spam
314,Eminem - Love the way you lie ‚ô• ‚ô• ‚ô•Ôªø,ham
315,Hey guys ready for more 87 Cyphers back check out my video on YouTube. NEW ALBUM IS OUT CHECK IT OUT. MORE MUSIC TOMORROW THANKS FOR READING,spam
316,Hey if you guys wouldnt mind...could you check out my boys and my music...we just made a real lyrical song...search DNA Andrew Guasch...I appreciate it. Leave some real feedback and keep Hip-Hop alive,spam
317,Is that girl is Megan fox Ôªø,ham
318,So freaking sad...Ôªø,ham
319,Hello. I only made ONE Eminem song on my channel. Could you guys just put A LIKE on it please? Don&#39;t need to subscribe. Thanks.,spam
320,"hey guys if you guys can please SUBSCRIBE to my channel ,i&#39;m a young rapper really dedicated i post a video everyday ,i post a verse (16 bars)(part of a song)everyday to improve i&#39;m doing this for 365 days ,right now i&#39;m on day 41  i&#39;m doing it for a whole year without missing one day if you guys can please SUBSCRIBE and follow me on my journey to my dream watch me improve, it really means a lot to me  thank you (:, i won&#39;t let you down i promise(: i&#39;m lyrical i keep it real!",spam
321,hey its M.E.S here I&#39;m a young up and coming rapper and i wanna get my music heard i know spam wont get me fame. but at the moment i got no way of getting a little attention so please do me a favour and check out my channel and drop a sub if you enjoy yourself. im just getting started so i really appreciate those who take time to leave constructive criticism i already got 200 subscribers and 4000 views on my first vid ive been told i have potential,spam
322,i like the lyrics but not to music videoÔªø,ham
323,"I hope everyone is in good spirits I&#39;m a hard working student who&#39;s also a passionate singer I look foward to the day when I can make my own music to share But for now I&#39;ve just been doing covers. Check out my channel, I&#39;ve done Covers of Miley Cyrus, Imagine Dragons, Lana Del Rey, Drake, Macklemore, Pink and countless others.  Subscribe only if you want to. My goal isn&#39;t to become famous but to  inspire FYI this isn&#39;t spamming, everyone has a right to freedom of speech. Thanks ",spam
324,check out my channel for rap and hip hop music,spam
325,BRÔªø,ham
326,adam b beats check out my page,spam
327,"<a rel=""nofollow"" class=""ot-hashtag"" href=""https://plus.google.com/s/%23Awesome"">#Awesome</a> <a rel=""nofollow"" class=""ot-hashtag"" href=""https://plus.google.com/s/%23Share"">#Share</a> <a rel=""nofollow"" class=""ot-hashtag"" href=""https://plus.google.com/s/%23RT"">#RT</a> Eminem - Love The Way You Lie ft. Rihanna <a href=""http://ow.ly/2zME8f"">http://ow.ly/2zME8f</a>Ôªø",spam
328,im M.E.S an aspiring young rapper with high hopes.  i know you will not click this link and check out my channel. you just dont want to.  well its your choice. in fact you know what DONT CLICK,spam
329,Looooved Ôªø,ham
330,We need to get this to 1 Billion Views!!Ôªø,ham
331,"Hey? Everyone Please take a moment to read this. I work my ass off hoping to make it into the music industry but its hard to? get people to hear you when you don‚Äôt have money for advertisements and exposure I am a Young Artist who has dreams and goals like everybody else Please take 30 seconds and visit my channel You don‚Äôt have to like? me, just give me a chance to prove my talent Also, please take just 1 second of your life and Thumb this comment up it would be Super Helpful.",spam
332,AmazingÔªø,ham
333,Almost a billionÔªø,ham
334,Great songÔªø,ham
335,PLEASE CHECK OUT MY VIDEO CALLED &quot;WE LOVE MIND MASTER IT&quot; THANKS,spam
336,Okay trust me I&#39;m doing a favor. You NEED to check out this guy named Columbus Nelson on YouTube.,spam
337,I agree they are just damn spammers. They suck. Im trying to do the same and get known. I know the feeling. I will help you out and leave likes and comments on your page. I hope you could do the same and maybe subscribe to me that would be awesome thanks,spam
338,adam b beats check out my page 2013,spam
339,CHECK OUT THESE LYRICS /watch?v=yUTTX04oyqQ,spam
340,"I don&#39;t understand this song, I have had the passion for women feel like im losing my mind but i don&#39;t understand the ideas of loving the the way someone lies.....Ôªø",ham
341,*****PLEASE READ*****  Hey everyone! I&#39;m a 19 year old student  who loves to sing.  I record and upload covers on my channel. I would love if you could check them out.  Just give me a chance. You don&#39;t have to thumbs up or subscribe (But you can if you like what your hear)  Just listen. I&#39;d really appreciate.  ~THANK YOU for your time. ~,spam
342,Anybody else here in 2015?Ôªø,ham
343,"Hi I&#39;m lil m !!! Check out love the way you lie!!!! My live performance and many others,,, videos and my own lyrics!!!!! Thanks",spam
344,I&#39;m subscribing to you just because your comment was that great.,spam
345,I like the Mmph version betterÔªø,ham
346,Terrance. .thank you for serving our country. How do i &quot;like you&quot; or &quot;subscribe&quot;?,spam
347,Thumbs up if you listen this in 2015.Ôªø,ham
348,Hey everyone check out my channel leave a like and subscribe please and if there is a song you want me to do post the name in the comments and I will get on to it(: Thanks,spam
349,do you want to make some easy money? check out my page tvcmcadavid.weebly . com dont miss out on this opportunity,spam
350,Hi everyone. We are a duo and we are starting to record freestyles and put them on youtube. If any of you could check it out and like/comment it would mean so much to us because we love doing this. We may not have the best recording equipment but if you listen to our lyrics and rhymes I think you&#39;ll like it. If you do then please subscribe and share because we love making these videos and we want you to like them as much as possible so feel free to comment and give us pointers! Thank you!,spam
351,For all you ladies out there......  Check out this link!  You&#39;ll find the hottest hairstyles and the latest trends for women!  Go to this site and you&#39;ll upgrade your hairstyles and fashion senses to a higher level!  Don&#39;t get left behind!     ---&gt;   goo.gl\BxrOSR,spam
352,Hi I am from bangladesh üíúÔªø,ham
353,Is that Megan Fox?Ôªø,ham
354,Fire..Ôªø,ham
355,EMINEM FANS!!!  - Check Out The New Song &quot;FEELIN&#39; GOOD&quot; By J-D-P  Just Click The &quot;GHOSTPOET100&quot; Link Above This Post  Thank You All...,spam
356,Hi Guys im an Upcoming Rapper if you could check out my channel and tell me what you think maybe subscribe or like i would really appreciate it all HATERS are welcome to :) thanks,spam
357,"CHECK OUT THIS NEW VIDEO I MADE CALLED &quot;WE LOVE MIND MASTER IT&quot;, THANK U SO MUCH ",spam
358,I love the way you lieÔªø,ham
359,hey its M.E.S here I&#39;m a young up and coming rapper and i wanna get my music heard i know spam wont get me fame. but at the moment i got no way of getting a little attention so please do me a favour and check out my channel and drop a sub if you enjoy yourself. im just getting started so i really appreciate those who take time to leave constructive criticism i already got 200 subscribers and 4000 views on my first vid ive been told i have potential,spam
360,Love the way you lie II is nicer in my opinion. :DÔªø,ham
361,Almost to a billion :)Ôªø,ham
362,If you are a person that loves real music you should listen to &quot;Cruz Supat&quot;<br />He is awesome as fuck!!! Just as eminem used to be.Ôªø,ham
363,Also check out D.j.j where do i go now and road to recovery,spam
364,Charlie got off the island and dated Megan Fox? b-but what about claire?Ôªø,ham
365,Hi guys ! !  Check Out My Remixes ! !  Thanx You&#39;re Great ! ! SWAG ! !,spam
366,"Please check out my youtube channel! Just uploaded my first youtube video please check it out, you will not regret it!",spam
367,Eminem best rapper all the timeÔªø,ham
368,Omg! This guy sounds like an american professor greenÔªø,ham
369,thumbs up if you think this should have 1 billion viewsÔªø,ham
370,Lemme Top Comments Please!!Ôªø,ham
371,i love this songÔªø,ham
372,My favorite song üíóüíóüíóüíóÔªø,ham
373,tryna work with some rappers check out the ones i already have on my channel,spam
374,Check out Berzerk video on my channel ! :D,spam
375,superÔªø,ham
376,eminem new song check out my videos,spam
377,Check out this video on YouTube:Ôªø,spam
378,"My friends wife earns 4000DOLLARS a month ,you can do it do if you want to be a wwhore ,you can not get these type of wages for working from home on a PC taking surveys ...dont believe that shit,just because yahoo and other are taking their money does not mean they are LEGIT ..Please like this so the MSG gets thru to vulnerable  people Like eminem used to be ",spam
379,Subscribe To M√™ Please Guys,spam
380,"this is the 4th most watched video on youtube. and hes the 21 most subscribed channel on youtube, just recentley surpassing justing bieber and is less then 1,00 subs away from beating taylor swift",spam
381,hey its M.E.S here I&#39;m a young up and coming rapper and i wanna get my music heard i know spam wont get me fame. but at the moment i got no way of getting a little attention so please do me a favour and check out my channel and drop a sub if you enjoy yourself. im just getting started so i really appreciate those who take time to leave constructive criticism i already got 200 subscribers and 4000 views on my first vid ive been told i have potential,spam
382,Love youÔªø,ham
383,Lil m !!!!! Check hi out!!!!! Does live the way you lie and many more ! Check it out!!! And subscribe,spam
384,"Hello to everyone! Please check out my video: /watch?v=2b4WyWpHi8c It takes just 2 minutes, hope I don&#39;t ask too much. If you can&#39;t help me just Like &amp; Share the video please, so more people will see it. Thumbs UP, it would mean so much to me, maybe will make my dream come true. Thanks to everyone, GOD BLESS YOU ALL!",spam
385,/watch?v=aImbWbfQbzg watch and subscrible,spam
386,I¬† love you EminemÔªø,ham
387,love the you lie the goodÔªø,ham
388,still listening in 2015Ôªø,ham
389,hey its M.E.S here I&#39;m a young up and coming rapper and i wanna get my music heard i know spam wont get me fame. but at the moment i got no way of getting a little attention so please do me a favour and check out my channel and drop a sub if you enjoy yourself. im just getting started so i really appreciate those who take time to leave constructive criticism i already got 200 subscribers and 4000 views on my first vid ive been told i have potential,spam
390,Eminem rocks!Ôªø,ham
391,CHECK OUT MY YOUTUBE VIDEOS FOR FUNNY AND COOL RAP,spam
392,hay my is honesty wright i am 12year old  i love your song thank you for makeing this song i love this song so much sometime harts can get breaken  people kill  they self or go cazzy i  love you so much thanks üò±üëèkeep on go  make  sure you doing your   dream is comeing rule  good luckÔªø,ham
393,awesomeÔªø,ham
394,I lovetÔªø,ham
395, Subscribe and like my video please,spam
396,subscribed :) btw you have a good style keep it up brother :)),spam
397,I KNOW YOU MAY NOT WANT TO READ THIS BUT please do  I&#39;m 87 Cypher an 11 year old rapper I have skill people said .my stuff isn&#39;t as good as my new stuff but its good please check out my current songs comment and like thank you for reading rap is my life,spam
398,Charlie from Lost!Ôªø,ham
399,Eminem THE BEST !Ôªø,ham
400,"Usually guys I would vote people like this down but actually check out his channel, it reminds me of a smaller version of 8 mile. Give this guy a chance since everyone has to start somewhere!",spam
401,‚ù§Ô∏è‚ù§Ô∏è‚ù§Ô∏èÔªø,ham
402,hello friends. i am a young 15 year old rapper trying to make something out of nothing..Please can you take a second of your life and check out my videos and help me reach my Dreams! GoD Bless YOU,spam
403,beautiful song!Ôªø,ham
404,CHECK OUT MY CHANNEL BOYS AND GIRLS ;),spam
405,hey guys i know its annoying getting spammed sorry bout that but please take a moment to check out my channel  IM A RAPPER with DECENT skills. i want to share my music with more people so take a listen   THUMBS UP SO MORE CAN SEE THIS,spam
406,best rap everÔªø,ham
407,I lover this song,ham
408,hey guys i know you wanna skip over this but please take a chance and check out my music I&#39;m a young up and coming rapper with a big dream and i appreciate constructive critisism. so please have a look thank you for your time,spam
409,Love your songs<br />Supper cool<br />Ôªø,ham
410,I like the music...but is anyone listening to the lyrics?Ôªø,ham
411,Maybe no one will probably read this. But just in case you do Can You Put A &quot;Thumbs Up &quot;So Others Can See. I Just started rapping seriously (Type in Lunden- 1990 Video) just a simple button? can help my dreams come true. people will ignore this but if you don&#39;t can you listen and subscribe Thank you all God Bless.,spam
412,:DÔªø,ham
413,Check out my channel for some lyricism.....,spam
414,Me and my big sister like youÔªø,ham
415,Not badÔªø,ham
416,I love eminem  &lt;3Ôªø,ham
417,She looks like Megan Fox¬†üòÇ xD!!Ôªø,ham
418,Hey Go To My Channel Check Out My Dongs Thanks YouTuber&#39;s,spam
419,is that megan fox?Ôªø,ham
420,You can not hate eminem and nirvana...trust meÔªø,ham
421,Like eminenÔªø,ham
422,check out my playlist,spam
423,Media is Evil! Please see and share: W W W. THE FARRELL REPORT. NET  Top Ex UK Police Intelligence Analyst turned Whistleblower Tony Farrell exposes a horrific monstrous cover-up perpetrated by criminals operating crimes from inside Mainstream Entertainment and Media Law firms. Beware protect your children!! These devils brutally target innocent people. These are the real criminals linked to London&#39;s 7/7 attacks 2005.  MUST SEE AND MAKE VIRAL!!! Also see UK Column video on 31st January 2013.,spam
424,subscribe to my channel who can,spam
425,Simply rap godÔªø,ham
426,is that megan fox x:D?Ôªø,ham
427,I love this songÔªø,ham
428,check out my new EM cover video trailer,spam
429,Really good song .<br />you know love song song.Ôªø,ham
430,Eminem is the greatest artist to ever touch the mic.Ôªø,ham
431,i love Rihanna üòçüòçüòçüòç[‚ôßfrom Thailand‚ôß]Ôªø,ham
432,some classsic :))))Ôªø,ham
433,sorry for the spam yall I know it‚Äôs annoying. But if you can spare a min please check out the new track on my channel i&#39;m a upcoming uk rapper.please come check out my songs u might like em. If not no worries I‚Äôm sorry for wastin your time. Even thumbs up to get more noticed will really help. peace yall,spam
434,"This song is like an oreo, the black part is good but the white part is betterÔªø",ham
435,That guy charley of lost TV showÔªø,ham
436,subscribe to my channel  /watch?v=NxK32i0HkDs,spam
437, HI IM 14 YEAR RAPPER SUPPORT ME GUY AND CHECK OUT MY CHANNEL AND CHECK OUT MY SONG YOU MIGHT LIKE IT ALSO FOLLOW ME IN TWITTER @McAshim for follow back.,spam
438,Hello Brazil üòª‚úåüíìüòªüëèÔªø,ham
439,EMINEM the best EVER.Ôªø,ham
440,hey guys look im aware im spamming and it pisses people off but please take a moment to check out my music.  im a young rapper and i love to do it and i just wanna share my music with more people  just click my picture and then see if you like my stuff,spam
441,DO YOU KNOW HOW SEAN KINGSTON GOT FAMOUS WHY DON&#39;T YOU LOOK IT UP KID BEFORE YOUR SO HARD ON YOURSELF!!  IF YOU HIT ME UP WITH A MESSAGE IN MY INBOX AND SUBSCRIBE I WILL CHECK OUT YOUR CHANNEL....SOUNDS FAIR TO ME.,spam
442,Best. Song. EVER üôåÔªø,ham
443,check out eminem latest track survival if u didnt,spam
444,SUBSCRIBE TO MY CHANNEL X PLEASE!. SPARE,spam
445,Check out my videos guy! :) Hope you guys had a good laugh :D,spam
446,3 yrs ago I had a health scare but thankfully I‚Äôm okay. I realized I wasn‚Äôt living life to the fullest.  Now I‚Äôm on a mission to do EVERYTHING I‚Äôve always wanted to do. If you found out you were going to die tomorrow would you be happy with what you‚Äôve accomplished or would you regret not doing certain things? Sorry for spamming I‚Äôm just trying to motivate people to do the things they‚Äôve always wanted to. If you‚Äôre bored come see what I‚Äôve done so far! Almost 1000 subscribers and I just started!,spam
447,Rihanna looks so beautiful with red hair ;)Ôªø,ham
448,857.482.940 views AWESOME !!!!!!!!!!!!!!!!!!!!!!!!!!!!!!!!!!!!!!!!!!Ôªø,ham
